{"cameraMode":{"drawMode":0,"name":"Shaded","section":"Shading Mode"},"sceneLighting":true,"audioPlay":false,"sceneViewState":{"m_AlwaysRefresh":false,"showFog":true,"showSkybox":true,"showFlares":true,"showImageEffects":true,"showParticleSystems":true,"showVisualEffectGraphs":true,"m_FxEnabled":true},"in2DMode":false,"pivot":{"x":1099.2591552734375,"y":79.7105712890625,"z":285.1183776855469},"rotation":{"x":-0.0059522283263504509,"y":-0.34788888692855837,"z":0.0020979191176593305,"w":-0.9376922249794006},"size":0.002416703850030899,"orthographic":false}